{
  "version": 1,
  "author": "Lais Weller de Sousa",
  "editor": "wokwi",
  "parts": [
    { "type": "wokwi-breadboard-half", "id": "bb1", "top": 16.2, "left": -122, "attrs": {} },
    {
      "type": "board-esp32-devkit-c-v4",
      "id": "esp",
      "top": -164.86,
      "left": -5.9,
      "rotate": 90,
      "attrs": { "env": "micropython-20231227-v1.22.0" }
    },
    {
      "type": "wokwi-led",
      "id": "led1",
      "top": 54,
      "left": -43.8,
      "attrs": { "color": "red", "flip": "1" }
    },
    { "type": "wokwi-led", "id": "led2", "top": 54, "left": 90.2, "attrs": { "color": "blue" } },
    {
      "type": "wokwi-resistor",
      "id": "r1",
      "top": 99.95,
      "left": 115.2,
      "attrs": { "value": "65" }
    },
    {
      "type": "wokwi-resistor",
      "id": "r2",
      "top": 99.95,
      "left": -86.4,
      "attrs": { "value": "65" }
    },
    {
      "type": "wokwi-pushbutton-6mm",
      "id": "btn1",
      "top": 103.4,
      "left": 28.8,
      "attrs": { "color": "green" }
    }
  ],
  "connections": [
    [ "esp:TX", "$serialMonitor:RX", "", [] ],
    [ "esp:RX", "$serialMonitor:TX", "", [] ],
    [ "led1:A", "bb1:8t.d", "", [ "$bb" ] ],
    [ "led1:C", "bb1:9t.d", "", [ "$bb" ] ],
    [ "r2:1", "bb1:2t.e", "", [ "$bb" ] ],
    [ "r2:2", "bb1:8t.e", "", [ "$bb" ] ],
    [ "led1:C", "bb1:10t.d", "green", [ "v0" ] ],
    [ "bb1:tn.6", "bb1:tn.8", "green", [ "v0" ] ],
    [ "bb1:tn.8", "bb1:10t.d", "green", [ "v0" ] ],
    [ "btn1:1.l", "bb1:14t.e", "", [ "$bb" ] ],
    [ "btn1:1.r", "bb1:17t.e", "", [ "$bb" ] ],
    [ "led2:A", "bb1:23t.d", "", [ "$bb" ] ],
    [ "led2:C", "bb1:22t.d", "", [ "$bb" ] ],
    [ "r1:1", "bb1:23t.e", "", [ "$bb" ] ],
    [ "r1:2", "bb1:29t.e", "", [ "$bb" ] ],
    [ "esp:14", "bb1:2t.d", "red", [ "v-28.65", "h-96" ] ],
    [ "bb1:14t.d", "esp:17", "green", [ "v0" ] ],
    [ "btn1:2.r", "bb1:17b.f", "green", [ "h0" ] ],
    [ "bb1:17b.g", "bb1:18b.g", "green", [ "v0" ] ],
    [ "bb1:18b.g", "bb1:tn.15", "green", [ "v0" ] ],
    [ "led2:C", "bb1:tn.18", "green", [ "v-57.6", "h-9.2" ] ],
    [ "bb1:tn.18", "bb1:tn.17", "green", [ "v0" ] ],
    [ "esp:GND.2", "bb1:tn.20", "black", [ "v0" ] ],
    [ "esp:27", "bb1:29t.d", "green", [ "v-28.65", "h153.6" ] ]
  ],
  "dependencies": {}
}