{
  "version": 1,
  "author": "Lais Weller de Sousa",
  "editor": "wokwi",
  "parts": [
    { "type": "wokwi-breadboard-half", "id": "bb1", "top": 227.4, "left": 194.8, "attrs": {} },
    {
      "type": "board-esp32-devkit-c-v4",
      "id": "esp",
      "top": -1.66,
      "left": 301.3,
      "rotate": 90,
      "attrs": { "env": "micropython-20231227-v1.22.0" }
    },
    {
      "type": "wokwi-led",
      "id": "led1",
      "top": 265.2,
      "left": 416.6,
      "attrs": { "color": "yellow" }
    },
    {
      "type": "wokwi-led",
      "id": "led2",
      "top": 332.4,
      "left": 273,
      "attrs": { "color": "red", "flip": "1" }
    },
    {
      "type": "wokwi-led",
      "id": "led3",
      "top": 265.2,
      "left": 263.4,
      "attrs": { "color": "limegreen", "flip": "1" }
    },
    {
      "type": "wokwi-resistor",
      "id": "r1",
      "top": 311.15,
      "left": 441.6,
      "attrs": { "value": "65" }
    },
    {
      "type": "wokwi-resistor",
      "id": "r2",
      "top": 311.15,
      "left": 220.8,
      "attrs": { "value": "65" }
    },
    {
      "type": "wokwi-resistor",
      "id": "r3",
      "top": 378.35,
      "left": 230.4,
      "attrs": { "value": "65" }
    },
    {
      "type": "wokwi-pushbutton-6mm",
      "id": "btn1",
      "top": 314.6,
      "left": 355.2,
      "attrs": { "color": "green" }
    }
  ],
  "connections": [
    [ "esp:TX", "$serialMonitor:RX", "", [] ],
    [ "esp:RX", "$serialMonitor:TX", "", [] ],
    [ "r1:1", "bb1:24t.e", "", [ "$bb" ] ],
    [ "r1:2", "bb1:30t.e", "", [ "$bb" ] ],
    [ "r2:1", "bb1:1t.e", "", [ "$bb" ] ],
    [ "r2:2", "bb1:7t.e", "", [ "$bb" ] ],
    [ "esp:14", "bb1:1t.d", "green", [ "v-19.05", "h-105.6" ] ],
    [ "esp:12", "bb1:2b.i", "green", [ "v-28.65", "h-86.4" ] ],
    [ "led2:A", "bb1:8b.i", "", [ "$bb" ] ],
    [ "led2:C", "bb1:9b.i", "", [ "$bb" ] ],
    [ "r3:1", "bb1:2b.j", "", [ "$bb" ] ],
    [ "r3:2", "bb1:8b.j", "", [ "$bb" ] ],
    [ "led2:C", "bb1:tn.11", "green", [ "v19.2", "h28.4" ] ],
    [ "esp:GND.2", "bb1:tn.20", "black", [ "v0" ] ],
    [ "esp:27", "bb1:30t.d", "green", [ "v-19.05", "h134.4" ] ],
    [ "bb1:tn.15", "bb1:18b.f", "green", [ "v19.1", "h30.4", "v67.2" ] ],
    [ "btn1:2.r", "bb1:18b.f", "green", [ "h0" ] ],
    [ "esp:17", "bb1:15t.d", "green", [ "v28.8", "h28.8" ] ],
    [ "led3:A", "bb1:7t.d", "", [ "$bb" ] ],
    [ "led3:C", "bb1:8t.d", "", [ "$bb" ] ],
    [ "led1:A", "bb1:24t.d", "", [ "$bb" ] ],
    [ "led1:C", "bb1:23t.d", "", [ "$bb" ] ],
    [ "btn1:1.l", "bb1:15t.e", "", [ "$bb" ] ],
    [ "btn1:1.r", "bb1:18t.e", "", [ "$bb" ] ],
    [ "led3:C", "bb1:tn.7", "green", [ "v0" ] ],
    [ "led1:C", "bb1:tn.17", "green", [ "v0" ] ]
  ],
  "dependencies": {}
}