{
  "version": 1,
  "author": "Lais Weller de Sousa",
  "editor": "wokwi",
  "parts": [
    { "type": "wokwi-breadboard-half", "id": "bb1", "top": 73.8, "left": -112.4, "attrs": {} },
    {
      "type": "board-esp32-devkit-c-v4",
      "id": "esp",
      "top": -126.46,
      "left": 3.7,
      "rotate": 90,
      "attrs": { "env": "micropython-20231227-v1.22.0" }
    },
    { "type": "wokwi-led", "id": "led1", "top": 111.6, "left": 71, "attrs": { "color": "blue" } },
    {
      "type": "wokwi-led",
      "id": "led2",
      "top": 111.6,
      "left": -34.2,
      "attrs": { "color": "red", "flip": "1" }
    },
    {
      "type": "wokwi-resistor",
      "id": "r1",
      "top": 157.55,
      "left": 96,
      "attrs": { "value": "65" }
    },
    {
      "type": "wokwi-resistor",
      "id": "r2",
      "top": 157.55,
      "left": -76.8,
      "attrs": { "value": "65" }
    }
  ],
  "connections": [
    [ "esp:TX", "$serialMonitor:RX", "", [] ],
    [ "esp:RX", "$serialMonitor:TX", "", [] ],
    [ "led2:A", "bb1:8t.d", "", [ "$bb" ] ],
    [ "led2:C", "bb1:9t.d", "", [ "$bb" ] ],
    [ "r2:1", "bb1:2t.e", "", [ "$bb" ] ],
    [ "r2:2", "bb1:8t.e", "", [ "$bb" ] ],
    [ "bb1:1t.d", "bb1:1t.e", "green", [ "v0" ] ],
    [ "led2:C", "bb1:tn.7", "green", [ "v0" ] ],
    [ "led1:A", "bb1:20t.d", "", [ "$bb" ] ],
    [ "led1:C", "bb1:19t.d", "", [ "$bb" ] ],
    [ "r1:1", "bb1:20t.e", "", [ "$bb" ] ],
    [ "r1:2", "bb1:26t.e", "", [ "$bb" ] ],
    [ "esp:GND.2", "bb1:tn.20", "black", [ "v0" ] ],
    [ "esp:27", "bb1:26t.d", "green", [ "v-28.65", "h230.4", "v240" ] ],
    [ "esp:14", "bb1:2t.d", "green", [ "v-28.65", "h-115.2" ] ],
    [ "led1:C", "bb1:15t.d", "green", [ "v0" ] ],
    [ "bb1:tn.12", "bb1:15t.d", "green", [ "v0" ] ]
  ],
  "dependencies": {}
}